465,40.692392,-73.989924
2578,40.641878,-73.899026
2823,40.641878,-73.899026
1579,40.654296,-73.985412
1271,40.687074,-73.870978
821,40.678086,-73.957911
587,40.678086,-73.957911
613,40.678086,-73.957911
733,40.69543,-73.945734
744,40.69543,-73.945734
580,40.69543,-73.945734
814,40.69543,-73.945734
606,40.69543,-73.945734
734,40.69543,-73.945734
731,40.69543,-73.945734
452,40.69665,-73.997123
430,40.69665,-73.997123
549,40.69665,-73.997123
325,40.69665,-73.997123
309,40.69665,-73.997123
1708,40.574675,-73.96989
1273,40.659996,-73.868006
476,40.693009,-73.995145
310,40.690712,-73.971374
326,40.690712,-73.971374
552,40.690712,-73.971374
2068,40.672253,-73.945152
702,40.684908,-73.970221
2092,40.672253,-73.945152
1932,40.672253,-73.945152
1948,40.672253,-73.945152
2569,40.622196,-73.933881
893,40.691845,-73.934244
1383,40.681956,-73.88423
1185,40.681956,-73.88423
1125,40.681956,-73.88423
1837,40.67555,-73.967796
1436,40.672872,-74.001496
481,40.692392,-73.989924
308,40.692392,-73.989924
303,40.692392,-73.989924
323,40.692392,-73.989924
319,40.692392,-73.989924
550,40.692392,-73.989924
551,40.692392,-73.989924
307,40.692392,-73.989924
545,40.692392,-73.989924
324,40.692392,-73.989924
515,40.689538,-73.967345
114,40.701505,-73.943201
765,40.668981,-73.950865
1531,40.660351,-73.984271
2688,40.651802,-73.900371
2631,40.651802,-73.900371
2920,40.651802,-73.900371
2254,40.652711,-73.91486
373,40.694923,-73.980176
342,40.694923,-73.980176
1953,40.672253,-73.945152
1955,40.672253,-73.945152
1916,40.672253,-73.945152
1918,40.672253,-73.945152
869,40.689894,-73.918156
870,40.689894,-73.918156
2386,40.65966,-73.918023
2056,40.668146,-73.957075
2041,40.668146,-73.957075
1218,40.664675,-73.882245
142,40.705227,-73.958173
156,40.705227,-73.958173
444,40.690999,-73.983453
949,40.691078,-73.915821
2269,40.65966,-73.918023
2534,40.65966,-73.918023
2300,40.65966,-73.918023
2388,40.65966,-73.918023
2383,40.660076,-73.918967
197,40.706335,-73.956451
1987,40.663785,-73.950962
479,40.696256,-73.992585
171,40.71141,-73.939219
853,40.699152,-73.932063
639,40.696861,-73.936361
1949,40.683905,-73.991491
2093,40.683905,-73.991491
1933,40.683905,-73.991491
2844,40.624189,-73.939622
2879,40.625815,-73.940247
375,40.699287,-73.971186
390,40.699287,-73.971186
2065,40.672253,-73.945152
995,40.7056,-73.923828
725,40.679167,-73.914109
2770,40.626995,-73.891481
631,40.696861,-73.936361
1833,40.670713,-73.933343
1826,40.670713,-73.933343
1802,40.670713,-73.933343
1878,40.670713,-73.933343
1731,40.670713,-73.933343
1832,40.670713,-73.933343
1877,40.670713,-73.933343
2785,40.633289,-73.904523
495,40.684511,-73.958928
496,40.684511,-73.958928
411,40.684511,-73.958928
410,40.684511,-73.958928
2790,40.640992,-73.888676
795,40.679167,-73.914109
2786,40.651356,-73.895275
2293,40.654016,-73.952189
2262,40.654016,-73.952189
2527,40.654016,-73.952189
711,40.678752,-73.933382
1505,40.679114,-74.002942
1053,40.687613,-73.882412
466,40.698245,-73.992637
2428,40.648061,-73.951338
2878,40.624052,-73.933246
2396,40.658469,-73.914962
217,40.712292,-73.964003
2803,40.617062,-73.919393
2970,40.626995,-73.891481
216,40.71579,-73.954441
1437,40.677177,-74.002753
693,40.687517,-73.97917699999999
2742,40.620178,-73.90711
728,40.679167,-73.914109
727,40.679167,-73.914109
2394,40.65966,-73.918023
2426,40.648061,-73.951338
987,40.693733,-73.921414
752,40.69759,-73.936706
786,40.69759,-73.936706
1197,40.678204,-73.863501
887,40.688529,-73.927187
1823,40.676122,-73.941562
1824,40.674443,-73.957997
2413,40.681653,-73.918561
136,40.703522,-73.942579
1986,40.660241,-73.94858
666,40.68599,-73.913791
663,40.68599,-73.913791
1994,40.672253,-73.945152
1020,40.684128,-73.926311
846,40.684128,-73.926311
834,40.684128,-73.926311
741,40.680443,-73.950546
451,40.696256,-73.992585
480,40.696256,-73.992585
2554,40.651405,-73.955249
2287,40.651405,-73.955249
2318,40.651405,-73.955249
623,40.668981,-73.950865
681,40.695087,-73.945139
955,40.691332,-73.9256
918,40.701699,-73.925311
2001,40.683905,-73.991491
418,40.691327,-73.977689
415,40.691327,-73.977689
421,40.691327,-73.977689
2604,40.643895,-73.900932
2745,40.643895,-73.900932
2584,40.643895,-73.900932
976,40.684514,-73.935358
946,40.684514,-73.935358
1276,40.646976,-73.877069
956,40.684514,-73.935358
1245,40.669018,-73.876024
947,40.684514,-73.935358
2780,40.609721,-73.923894
1228,40.676709,-73.888214
1289,40.654948,-73.873855
863,40.699152,-73.932063
895,40.687517,-73.97917699999999
1845,40.674443,-73.957997
1844,40.674443,-73.957997
1736,40.681179,-73.978292
1891,40.681179,-73.978292
1757,40.681179,-73.978292
1196,40.658879,-73.880499
1242,40.659996,-73.868006
1316,40.657978,-73.878412
1883,40.681366,-73.947144
1279,40.666174,-73.894408
525,40.680904,-73.963071
2735,40.627687,-73.928825
2030,40.683905,-73.991491
1182,40.657978,-73.878412
1122,40.657978,-73.878412
1380,40.657978,-73.878412
2948,40.625798,-73.943778
2713,40.625798,-73.943778
2656,40.625798,-73.943778
2768,40.653241,-73.912721
1382,40.657978,-73.878412
1124,40.657978,-73.878412
1184,40.657978,-73.878412
2203,40.665836,-73.908324
2069,40.668981,-73.950865
1309,40.666174,-73.894408
1319,40.666174,-73.894408
1046,40.666174,-73.894408
2589,40.614058,-73.919936
2610,40.614058,-73.919936
2751,40.614058,-73.919936
2776,40.614058,-73.919936
930,40.684209,-73.915954
1812,40.670713,-73.933343
1985,40.683905,-73.991491
2014,40.683905,-73.991491
2015,40.683905,-73.991491
712,40.678752,-73.933382
529,40.688529,-73.927187
2320,40.651405,-73.955249
2556,40.651405,-73.955249
2289,40.651405,-73.955249
1491,40.681866,-74.015018
2804,40.653241,-73.912721
1822,40.674443,-73.957997
990,40.694155,-73.922175
986,40.705305,-73.917881
1013,40.693733,-73.921414
983,40.693733,-73.921414
988,40.698922,-73.920999
1371,40.653691,-73.869878
1112,40.653691,-73.869878
1172,40.653691,-73.869878
1547,40.682301,-73.979089
2454,40.660936,-73.948906
2801,40.614058,-73.919936
2800,40.614058,-73.919936
896,40.688529,-73.927187
609,40.674476,-73.953146
817,40.674476,-73.953146
583,40.674476,-73.953146
2017,40.680291,-73.986589
2011,40.680291,-73.986589
1263,40.663763,-73.869632
1689,40.636581,-73.978247
1856,40.678581,-73.95024599999999
847,40.688484,-73.912511
1021,40.688484,-73.912511
835,40.688484,-73.912511
1221,40.670195,-73.900249
1350,40.663763,-73.869632
1153,40.663763,-73.869632
1093,40.663763,-73.869632
1270,40.663763,-73.869632
2784,40.617062,-73.919393
2882,40.616059,-73.930268
1958,40.680291,-73.986589
341,40.692217,-73.982516
908,40.70095,-73.933199
2901,40.625019,-73.907762
2356,40.681653,-73.918561
2417,40.681653,-73.918561
2415,40.681653,-73.918561
2824,40.651736,-73.900471
1104,40.652054,-73.881598
1362,40.652054,-73.881598
1164,40.652054,-73.881598
1846,40.67555,-73.967796
1907,40.666018,-73.939729
1753,40.666018,-73.939729
1774,40.666018,-73.939729
1908,40.666018,-73.939729
1773,40.666018,-73.939729
1752,40.666018,-73.939729
1838,40.67555,-73.967796
1357,40.664173,-73.864379
1099,40.664173,-73.864379
1159,40.664173,-73.864379
90,40.701505,-73.943201
2292,40.651405,-73.955249
2559,40.651405,-73.955249
2323,40.651405,-73.955249
867,40.693747,-73.922576
771,40.674476,-73.953146
1839,40.673364,-73.932659
900,40.688529,-73.927187
899,40.688529,-73.927187
1992,40.680291,-73.986589
1670,40.659363,-74.003719
358,40.692217,-73.982516
366,40.692217,-73.982516
365,40.692217,-73.982516
237,40.713555,-73.946805
19,40.713555,-73.946805
45,40.713555,-73.946805
2519,40.650628,-73.953535
352,40.694323,-73.973189
1310,40.653691,-73.869878
129,40.703998,-73.940002
91,40.703998,-73.940002
167,40.71154,-73.944976
2853,40.614325,-73.907676
894,40.687517,-73.97917699999999
2663,40.625798,-73.943778
2719,40.625798,-73.943778
2954,40.625798,-73.943778
1830,40.674443,-73.957997
1240,40.667552,-73.922709
2250,40.65814,-73.941325
2465,40.655398,-73.929886
2097,40.677503,-73.903323
2950,40.613125,-73.92515
2658,40.613125,-73.92515
2715,40.613125,-73.92515
2430,40.660936,-73.948906
1043,40.648723,-73.887138
1282,40.648723,-73.887138
1290,40.648723,-73.887138
2797,40.627687,-73.928825
2796,40.627687,-73.928825
756,40.684205,-73.9355
788,40.684205,-73.9355
439,40.696204,-73.99261
969,40.684209,-73.915954
1735,40.681366,-73.947144
1890,40.681366,-73.947144
1756,40.681366,-73.947144
957,40.684128,-73.926311
2895,40.616203,-73.913415
1454,40.68714,-73.979121
2143,40.663797,-73.915055
2118,40.663797,-73.915055
2223,40.663797,-73.915055
279,40.7046,-73.958982
83,40.701505,-73.943201
531,40.684908,-73.970221
322,40.698245,-73.992637
306,40.698245,-73.992637
548,40.698245,-73.992637
100,40.703201,-73.934769
775,40.68998,-73.950458
1312,40.653691,-73.869878
951,40.684128,-73.926311
960,40.684128,-73.926311
2445,40.648061,-73.951338
1973,40.680291,-73.986589
2210,40.674082,-73.912798
2104,40.674082,-73.912798
1268,40.663763,-73.869632
1497,40.669692,-74.004267
1438,40.669692,-74.004267
139,40.703201,-73.934769
2733,40.632391,-73.905039
2968,40.632391,-73.905039
2677,40.632391,-73.905039
866,40.691332,-73.9256
837,40.690325,-73.90748
849,40.690325,-73.90748
1023,40.690325,-73.90748
854,40.688529,-73.927187
2059,40.683905,-73.991491
1825,40.666018,-73.939729
1143,40.667552,-73.922709
1083,40.667552,-73.922709
1340,40.667552,-73.922709
2717,40.625815,-73.940247
2661,40.625815,-73.940247
2952,40.625815,-73.940247
2763,40.613501,-73.925286
954,40.684128,-73.926311
1816,40.670713,-73.933343
1617,40.642257,-74.02233
532,40.680904,-73.963071
1403,40.692664,-74.000734
1418,40.692664,-74.000734
1557,40.692664,-74.000734
2898,40.624637,-73.92944
1829,40.681179,-73.978292
1975,40.667064,-73.934067
920,40.69678,-73.916085
1818,40.681179,-73.978292
2501,40.638974,-73.925744
2146,40.677284,-73.906471
2121,40.677284,-73.906471
2228,40.677284,-73.906471
963,40.690325,-73.90748
1764,40.674443,-73.957997
1743,40.674443,-73.957997
1898,40.674443,-73.957997
2571,40.616059,-73.930268
1808,40.668484,-73.90655
1809,40.668484,-73.90655
892,40.688529,-73.927187
855,40.688529,-73.927187
826,40.688529,-73.927187
2132,40.68486,-73.912555
2240,40.68486,-73.912555
2157,40.68486,-73.912555
2418,40.641339,-73.919333
1869,40.672427,-73.961911
1281,40.648293,-73.882379
1052,40.648293,-73.882379
1050,40.648293,-73.882379
1057,40.648293,-73.882379
1320,40.648293,-73.882379
1313,40.648293,-73.882379
441,40.696204,-73.99261
1882,40.681366,-73.947144
1799,40.676122,-73.941562
2503,40.657083,-73.945372
449,40.690999,-73.983453
2334,40.657083,-73.945372
2277,40.655398,-73.929886
2308,40.655398,-73.929886
2542,40.655398,-73.929886
2313,40.657083,-73.945372
2548,40.657083,-73.945372
2282,40.657083,-73.945372
1963,40.664411,-73.955449
1807,40.668487999999996,-73.925425
2192,40.652711,-73.91486
2209,40.652711,-73.91486
2188,40.652711,-73.91486
2455,40.675306,-73.935527
2505,40.675306,-73.935527
1811,40.673473,-73.951113
2205,40.674082,-73.912798
2185,40.674082,-73.912798
2174,40.652711,-73.91486
1880,40.674788,-73.92595
1875,40.668484,-73.90655
2839,40.615437,-73.932725
2349,40.641339,-73.919333
459,40.696136,-73.989146
290,40.698013,-73.985971
280,40.698013,-73.985971
448,40.698013,-73.985971
282,40.698013,-73.985971
436,40.698013,-73.985971
1607,40.636581,-73.978247
1728,40.636581,-73.978247
1594,40.636581,-73.978247
761,40.679988,-73.942145
650,40.685046,-73.92819
1012,40.698922,-73.920999
1011,40.698922,-73.920999
39,40.703201,-73.934769
13,40.703201,-73.934769
113,40.703201,-73.934769
99,40.703201,-73.934769
230,40.703201,-73.934769
87,40.703201,-73.934769
86,40.703201,-73.934769
1855,40.681366,-73.947144
876,40.700062,-73.912044
1840,40.676122,-73.941562
2475,40.657083,-73.945372
2478,40.657083,-73.945372
874,40.700062,-73.912044
2117,40.652711,-73.91486
2142,40.652711,-73.91486
2222,40.652711,-73.91486
1543,40.678921,-73.980733
1546,40.678921,-73.980733
2517,40.650628,-73.953535
2525,40.650628,-73.953535
2513,40.650628,-73.953535
177,40.708023,-73.964404
2934,40.628272,-73.92618
2706,40.628272,-73.92618
2649,40.628272,-73.92618
897,40.688529,-73.927187
2170,40.652711,-73.91486
1017,40.690699,-73.898127
842,40.690699,-73.898127
830,40.690699,-73.898127
974,40.683686,-73.920496
1804,40.674443,-73.957997
1801,40.674443,-73.957997
1805,40.674443,-73.957997
1110,40.666174,-73.894408
1368,40.666174,-73.894408
1170,40.666174,-73.894408
1355,40.663763,-73.869632
1358,40.663763,-73.869632
1160,40.663763,-73.869632
1361,40.663763,-73.869632
1103,40.663763,-73.869632
1100,40.663763,-73.869632
1163,40.663763,-73.869632
2686,40.619479,-73.923038
2629,40.619479,-73.923038
2918,40.619479,-73.923038
965,40.683686,-73.920496
2391,40.653241,-73.912721
927,40.690108,-73.909746
883,40.701834,-73.936952
2062,40.667064,-73.934067
2061,40.667064,-73.934067
1768,40.681366,-73.947144
1902,40.681366,-73.947144
1747,40.681366,-73.947144
898,40.695026,-73.928102
2096,40.674082,-73.912798
2095,40.674082,-73.912798
2101,40.674082,-73.912798
2135,40.674082,-73.912798
2213,40.674082,-73.912798
2109,40.674082,-73.912798
1280,40.642282,-73.883895
1283,40.642282,-73.883895
1278,40.642282,-73.883895
1117,40.642282,-73.883895
1376,40.642282,-73.883895
1284,40.642282,-73.883895
1177,40.642282,-73.883895
1367,40.64913,-73.883944
1169,40.64913,-73.883944
1109,40.64913,-73.883944
1288,40.64913,-73.883944
392,40.690534,-73.978748
1776,40.676122,-73.941562
1928,40.683905,-73.991491
1944,40.683905,-73.991491
2088,40.683905,-73.991491
2064,40.667064,-73.934067
878,40.705623,-73.92661
879,40.705623,-73.92661
1322,40.64913,-73.883944
2585,40.651019,-73.915431
2605,40.651019,-73.915431
2746,40.651019,-73.915431
2131,40.668484,-73.90655
2239,40.668484,-73.90655
2156,40.668484,-73.90655
2489,40.668981,-73.950865
2275,40.657083,-73.945372
2540,40.657083,-73.945372
2306,40.657083,-73.945372
151,40.713205,-73.950433
433,40.696204,-73.99261
829,40.687517,-73.97917699999999
1016,40.687517,-73.97917699999999
841,40.687517,-73.97917699999999
2484,40.668981,-73.950865
150,40.715932,-73.939558
2028,40.661291,-73.955177
603,40.699068,-73.931044
811,40.699068,-73.931044
577,40.699068,-73.931044
688,40.699068,-73.931044
1315,40.644868,-73.879905
2491,40.668981,-73.950865
2902,40.612635,-73.948063
2208,40.668484,-73.90655
875,40.688637,-73.923018
1831,40.674788,-73.92595
1107,40.666174,-73.894408
1365,40.666174,-73.894408
1167,40.666174,-73.894408
1364,40.666174,-73.894408
1106,40.666174,-73.894408
1166,40.666174,-73.894408
998,40.687517,-73.97917699999999
1835,40.666018,-73.939729
1179,40.644868,-73.879905
1377,40.644868,-73.879905
1119,40.644868,-73.879905
204,40.724945,-73.951458
1370,40.666174,-73.894408
1118,40.666174,-73.894408
1178,40.666174,-73.894408
1045,40.666174,-73.894408
2903,40.612635,-73.948063
713,40.691569,-73.978897
937,40.69105,-73.906476
447,40.694069,-73.990448
112,40.703998,-73.940002
1748,40.681266,-73.937705
1903,40.681266,-73.937705
1769,40.681266,-73.937705
2684,40.614058,-73.919936
2627,40.614058,-73.919936
2915,40.614058,-73.919936
1872,40.674788,-73.92595
2815,40.640629,-73.894506
2591,40.614058,-73.919936
2753,40.614058,-73.919936
2612,40.614058,-73.919936
2971,40.607338,-73.934366
2760,40.640629,-73.894506
2687,40.640629,-73.894506
2630,40.640629,-73.894506
2619,40.640629,-73.894506
2597,40.640629,-73.894506
2919,40.640629,-73.894506
2134,40.674082,-73.912798
2214,40.674082,-73.912798
2110,40.674082,-73.912798
1865,40.668016,-73.920658
2161,40.674082,-73.912798
1274,40.676535,-73.86074
2032,40.661245,-73.955906
2031,40.661245,-73.955906
2621,40.640629,-73.894506
2632,40.640629,-73.894506
2689,40.640629,-73.894506
2921,40.640629,-73.894506
2599,40.640629,-73.894506
2762,40.640629,-73.894506
1859,40.675773,-73.929658
581,40.69543,-73.945734
815,40.69543,-73.945734
607,40.69543,-73.945734
2018,40.652549,-73.95154
423,40.689281,-73.996327
428,40.689281,-73.996327
425,40.691017,-73.983452
1287,40.653691,-73.869878
2054,40.683905,-73.991491
2053,40.683905,-73.991491
710,40.684208,-73.942001
1797,40.678016,-73.953624
399,40.685967,-73.973592
398,40.685967,-73.973592
2737,40.640629,-73.894506
2736,40.640629,-73.894506
2820,40.649228,-73.914661
1863,40.675773,-73.929658
1611,40.675395,-73.973732
1612,40.675395,-73.973732
708,40.684208,-73.942001
709,40.684208,-73.942001
1732,40.667606,-73.91313
2899,40.621456,-73.941022
2867,40.615061,-73.933532
2866,40.615061,-73.933532
157,40.72659,-73.940839
362,40.689967,-73.982545
1817,40.675306,-73.935527
2732,40.649228,-73.914661
2967,40.649228,-73.914661
2676,40.649228,-73.914661
2305,40.632567,-73.942794
2274,40.632567,-73.942794
2539,40.632567,-73.942794
1871,40.677451,-73.979762
2809,40.662163,-73.922834
2024,40.661827,-73.959264
2229,40.668484,-73.90655
1005,40.687517,-73.97917699999999
996,40.687517,-73.97917699999999
997,40.687517,-73.97917699999999
172,40.713116,-73.941269
2829,40.653241,-73.912721
2781,40.619479,-73.923038
1956,40.680291,-73.986589
2058,40.680291,-73.986589
2043,40.680291,-73.986589
2063,40.680291,-73.986589
1806,40.667606,-73.91313
491,40.684509,-73.963019
506,40.684509,-73.963019
838,40.69321,-73.927405
850,40.69321,-73.927405
1025,40.69321,-73.927405
2524,40.651405,-73.955249
2353,40.658376,-73.918432
1015,40.695026,-73.928102
828,40.695026,-73.928102
840,40.695026,-73.928102
1896,40.681266,-73.937705
1762,40.681266,-73.937705
1741,40.681266,-73.937705
2042,40.667064,-73.934067
1702,40.662248,-73.978936
2929,40.627337,-73.941421
2704,40.627337,-73.941421
2872,40.627337,-73.941421
2647,40.627337,-73.941421
2873,40.627337,-73.941421
2835,40.627337,-73.941421
2870,40.627337,-73.941421
1225,40.664674,-73.869259
705,40.684208,-73.942001
2707,40.616059,-73.930268
2650,40.616059,-73.930268
2938,40.616059,-73.930268
2242,40.650628,-73.953535
2244,40.650628,-73.953535
2253,40.650628,-73.953535
2865,40.612635,-73.948063
2419,40.656332,-73.921538
2074,40.680291,-73.986589
1934,40.680291,-73.986589
1950,40.680291,-73.986589
2091,40.680291,-73.986589
939,40.681952,-73.909442
1314,40.652696,-73.876514
961,40.688484,-73.912511
2344,40.657467,-73.920163
1709,40.638523,-73.978907
1520,40.660351,-73.984271
1398,40.660351,-73.984271
400,40.681419,-73.970918
397,40.681419,-73.970918
2196,40.65939,-73.920086
2076,40.661736,-73.957019
1990,40.661736,-73.957019
1967,40.661736,-73.957019
1998,40.661736,-73.957019
1968,40.661736,-73.957019
1996,40.661736,-73.957019
2810,40.681653,-73.918561
2055,40.667064,-73.934067
1685,40.641884,-73.981355
722,40.674401,-73.918753
2023,40.661736,-73.957019
2767,40.614058,-73.919936
2444,40.668981,-73.950865
2703,40.627337,-73.941421
2646,40.627337,-73.941421
2941,40.627337,-73.941421
2654,40.681653,-73.918561
2711,40.681653,-73.918561
2945,40.681653,-73.918561
2655,40.681653,-73.918561
2712,40.681653,-73.918561
2947,40.681653,-73.918561
2802,40.627687,-73.928825
1610,40.661905,-73.983489
1165,40.655073,-73.885159
1363,40.655073,-73.885159
1321,40.655073,-73.885159
1105,40.655073,-73.885159
1366,40.655073,-73.885159
1168,40.655073,-73.885159
1108,40.655073,-73.885159
540,40.68982,-73.982874
316,40.68982,-73.982874
300,40.68982,-73.982874
346,40.68982,-73.982874
914,40.698922,-73.920999
915,40.698922,-73.920999
699,40.692739,-73.928511
1578,40.654465,-73.973741
191,40.712292,-73.964003
1939,40.661736,-73.957019
1923,40.661736,-73.957019
2083,40.661736,-73.957019
1442,40.692664,-74.000734
1446,40.692664,-74.000734
367,40.701279,-73.987703
2816,40.651019,-73.915431
2794,40.651019,-73.915431
2830,40.651019,-73.915431
1408,40.687599,-73.982507
1423,40.687599,-73.982507
1562,40.687599,-73.982507
1448,40.687599,-73.982507
2520,40.651405,-73.955249
2401,40.658376,-73.918432
2508,40.649814,-73.955799
648,40.700331,-73.945308
2628,40.614058,-73.919936
2685,40.614058,-73.919936
2917,40.614058,-73.919936
1761,40.675306,-73.935527
1740,40.675306,-73.935527
1895,40.675306,-73.935527
2727,40.627656,-73.936138
2962,40.627656,-73.936138
2671,40.627656,-73.936138
680,40.695087,-73.945139
2404,40.658376,-73.918432
2395,40.658376,-73.918432
379,40.687517,-73.97917699999999
720,40.674401,-73.918753
724,40.674401,-73.918753
1623,40.693196,-73.93254
2492,40.645164,-73.954019
395,40.696559,-73.97254
2660,40.627059,-73.939314
2716,40.627059,-73.939314
2951,40.627059,-73.939314
297,40.684509,-73.963019
538,40.68777,-73.969627
1486,40.689683,-73.978588
1487,40.689683,-73.978588
493,40.691901,-73.970608
1714,40.64994,-73.975702
2077,40.662357,-73.947897
1205,40.657167,-73.871018
166,40.713116,-73.941269
1232,40.666178,-73.887711
2099,40.65939,-73.920086
945,40.688616,-73.918242
739,40.680443,-73.950546
664,40.676754,-73.917177
2567,40.627687,-73.928825
1000,40.703926,-73.909576
2819,40.662163,-73.922834
2818,40.662163,-73.922834
2825,40.662163,-73.922834
42,40.71311,-73.939126
16,40.71311,-73.939126
234,40.71311,-73.939126
1514,40.690383,-73.994875
1513,40.690383,-73.994875
1291,40.653252,-73.881359
220,40.703531,-73.95628
354,40.704418,-73.986812
361,40.704418,-73.986812
743,40.696253,-73.928911
2021,40.661827,-73.959264
353,40.701279,-73.987703
355,40.701279,-73.987703
364,40.68982,-73.982874
369,40.68982,-73.982874
368,40.68982,-73.982874
455,40.691465,-73.983429
913,40.706111,-73.928879
1795,40.678016,-73.953624
317,40.701279,-73.987703
301,40.701279,-73.987703
541,40.701279,-73.987703
2183,40.664714,-73.91586
2904,40.619755,-73.944209
1886,40.668149,-73.943405
488,40.684509,-73.963019
534,40.684509,-73.963019
511,40.684509,-73.963019
189,40.707422,-73.955655
190,40.707422,-73.955655
2113,40.681179,-73.978292
2218,40.681179,-73.978292
2138,40.681179,-73.978292
948,40.688616,-73.918242
1450,40.698319,-73.987262
1506,40.677365,-74.007471
1480,40.677365,-74.007471
184,40.706335,-73.956451
181,40.718939,-73.950891
332,40.696727,-73.961698
333,40.696727,-73.961698
347,40.696727,-73.961698
503,40.684509,-73.963019
502,40.684509,-73.963019
1055,40.664387,-73.871253
158,40.710837,-73.935852
2905,40.627656,-73.936138
1449,40.687599,-73.982507
2495,40.644018,-73.94884
2288,40.651405,-73.955249
2319,40.651405,-73.955249
2555,40.651405,-73.955249
1078,40.657167,-73.871018
1335,40.657167,-73.871018
1138,40.657167,-73.871018
773,40.678086,-73.957911
782,40.683251,-73.950311
1703,40.655589,-73.97664
882,40.705623,-73.92661
1909,40.673529,-73.962712
2178,40.664714,-73.91586
533,40.684509,-73.963019
2883,40.613501,-73.925286
1677,40.659363,-74.003719
2379,40.645754,-73.924596
1207,40.676124,-73.886543
1687,40.654465,-73.973741
334,40.704418,-73.986812
2186,40.664714,-73.91586
2881,40.618768,-73.916182
178,40.708599,-73.963129
2662,40.618768,-73.916182
2953,40.618768,-73.916182
2718,40.618768,-73.916182
1827,40.668149,-73.943405
504,40.684509,-73.963019
747,40.693039,-73.964512
2788,40.662163,-73.922834
2368,40.658314,-73.931082
2836,40.618768,-73.916182
2850,40.618768,-73.916182
2851,40.625476,-73.918904
401,40.692217,-73.982516
1474,40.683905,-73.991491
1473,40.683905,-73.991491
513,40.684509,-73.963019
486,40.684509,-73.963019
508,40.684509,-73.963019
1785,40.671419,-73.967893
1788,40.671419,-73.967893
1699,40.655589,-73.97664
1387,40.682072,-73.997456
512,40.692208,-73.961884
509,40.692208,-73.961884
490,40.692208,-73.961884
288,40.692208,-73.961884
510,40.692208,-73.961884
500,40.692208,-73.961884
485,40.692208,-73.961884
2231,40.67458,-73.907619
2148,40.67458,-73.907619
2164,40.67458,-73.907619
2123,40.67458,-73.907619
535,40.684509,-73.963019
861,40.693747,-73.922576
860,40.693747,-73.922576
2016,40.660241,-73.94858
2207,40.674401,-73.918753
1226,40.67667,-73.873793
2211,40.658898,-73.915787
1874,40.682086,-73.927872
2926,40.6223,-73.918079
2694,40.6223,-73.918079
2637,40.6223,-73.918079
2005,40.655189,-73.961095
1954,40.655189,-73.961095
2739,40.662163,-73.922834
2568,40.662163,-73.922834
2159,40.654204,-73.905512
735,40.700331,-73.945308
1995,40.655265,-73.962903
2029,40.655189,-73.961095
2611,40.604498,-73.931511
2590,40.604498,-73.931511
2752,40.604498,-73.931511
1294,40.656588,-73.890328
1616,40.649689,-74.00932
453,40.700196,-73.987822
1301,40.656588,-73.890328
1303,40.656588,-73.890328
2007,40.660241,-73.94858
2236,40.670908,-73.911054
2128,40.670908,-73.911054
2153,40.670908,-73.911054
159,40.714505,-73.944671
1261,40.685095,-73.867142
2172,40.663746,-73.911625
2177,40.663746,-73.911625
1490,40.680291,-73.986589
1597,40.662849,-73.99186
1596,40.662849,-73.99186
1583,40.662849,-73.99186
1717,40.662849,-73.99186
1718,40.662849,-73.99186
1584,40.662849,-73.99186
155,40.732975,-73.939385
745,40.684205,-73.9355
1233,40.659831,-73.871102
2012,40.65986,-73.954698
2906,40.615061,-73.933532
2888,40.615061,-73.933532
2173,40.672054,-73.904548
1257,40.655152,-73.894513
926,40.690108,-73.909746
934,40.690108,-73.909746
935,40.690108,-73.909746
938,40.690108,-73.909746
209,40.712878,-73.962329
208,40.712878,-73.962329
1952,40.662687,-73.957954
1413,40.673942,-73.976187
1428,40.673942,-73.976187
1567,40.673942,-73.976187
2004,40.663785,-73.952921
164,40.71154,-73.944976
1684,40.641884,-73.981355
1682,40.641884,-73.981355
471,40.68234,-73.984345
718,40.685535,-73.923941
2708,40.615741,-73.925896
2651,40.615741,-73.925896
2942,40.615741,-73.925896
928,40.691216,-73.911
1763,40.682086,-73.927872
1742,40.682086,-73.927872
1897,40.682086,-73.927872
2889,40.627656,-73.936138
1475,40.683905,-73.991491
1133,40.675673,-73.902022
1330,40.675673,-73.902022
1073,40.675673,-73.902022
594,40.676754,-73.917177
568,40.676754,-73.917177
802,40.676754,-73.917177
414,40.704418,-73.986812
357,40.704418,-73.986812
344,40.692217,-73.982516
1554,40.678114,-73.974263
1541,40.678114,-73.974263
457,40.689281,-73.996327
458,40.689281,-73.996327
1798,40.673529,-73.962712
2884,40.604498,-73.931511
2512,40.649814,-73.955799
2744,40.611859,-73.913714
2603,40.611859,-73.913714
2583,40.611859,-73.913714
1385,40.661905,-73.983489
1386,40.661905,-73.983489
1394,40.661905,-73.983489
1654,40.649689,-74.00932
1478,40.686291,-74.004543
2910,40.681653,-73.918561
2680,40.681653,-73.918561
2911,40.681653,-73.918561
2623,40.681653,-73.918561
2486,40.649544,-73.955385
610,40.679337,-73.95847
818,40.679337,-73.95847
584,40.679337,-73.95847
1528,40.658254,-73.987345
1893,40.666899,-73.937558
1738,40.666899,-73.937558
1759,40.666899,-73.937558
1786,40.674443,-73.957997
1787,40.674443,-73.957997
1493,40.685813,-74.005388
2100,40.658898,-73.915787
2169,40.658898,-73.915787
2191,40.658898,-73.915787
2199,40.658898,-73.915787
2858,40.618569,-73.913595
2574,40.6223,-73.918079
1210,40.68392,-73.89013
360,40.701279,-73.987703
922,40.70275,-73.925282
1451,40.688958,-73.99796
2182,40.657347,-73.903174
350,40.701279,-73.987703
371,40.701279,-73.987703
916,40.70506,-73.920432
494,40.695395,-73.970287
338,40.695395,-73.970287
1476,40.693742,-73.984203
774,40.685907,-73.953285
2885,40.606948,-73.920806
292,40.699199,-73.988783
293,40.699199,-73.988783
294,40.699199,-73.988783
370,40.699199,-73.988783
919,40.712192,-73.925503
1485,40.687599,-73.982507
1484,40.687599,-73.982507
1488,40.687599,-73.982507
1511,40.687599,-73.982507
585,40.68998,-73.950458
819,40.68998,-73.950458
611,40.68998,-73.950458
1938,40.661827,-73.959264
1922,40.661827,-73.959264
2081,40.661827,-73.959264
120,40.701505,-73.943201
69,40.701505,-73.943201
10,40.701505,-73.943201
131,40.701505,-73.943201
103,40.701505,-73.943201
141,40.701505,-73.943201
227,40.701505,-73.943201
36,40.701505,-73.943201
140,40.701505,-73.943201
377,40.694923,-73.980176
1306,40.656588,-73.890328
1384,40.656588,-73.890328
2125,40.657305,-73.909505
2150,40.657305,-73.909505
2233,40.657305,-73.909505
2124,40.657305,-73.909505
2232,40.657305,-73.909505
2149,40.657305,-73.909505
1298,40.658756,-73.892082
2588,40.668981,-73.950865
2609,40.668981,-73.950865
2750,40.668981,-73.950865
2843,40.668981,-73.950865
1576,40.643958,-74.028212
1794,40.675765,-73.96431
1026,40.701911,-73.91807
851,40.701911,-73.91807
839,40.701911,-73.91807
2864,40.61215,-73.916549
2860,40.61215,-73.916549
2592,40.621865,-73.912637
2754,40.621865,-73.912637
2613,40.621865,-73.912637
1834,40.666899,-73.937558
1821,40.666899,-73.937558
1722,40.641884,-73.981355
1588,40.641884,-73.981355
1601,40.641884,-73.981355
1293,40.658756,-73.892082
1300,40.658756,-73.892082
1712,40.665736,-73.995934
146,40.715932,-73.939558
2464,40.649391,-73.94181
2165,40.680649,-73.914275
127,40.703673,-73.938035
126,40.703673,-73.938035
110,40.703673,-73.938035
108,40.703673,-73.938035
336,40.694923,-73.980176
382,40.694923,-73.980176
351,40.694923,-73.980176
1628,40.649689,-74.00932
1648,40.649689,-74.00932
372,40.689146,-73.970059
402,40.692217,-73.982516
349,40.692217,-73.982516
2195,40.657305,-73.909505
188,40.707551,-73.948818
1174,40.658756,-73.892082
1114,40.658756,-73.892082
1373,40.658756,-73.892082
991,40.697474,-73.914767
2488,40.646451,-73.955813
2481,40.646451,-73.955813
1054,40.664387,-73.871253
2868,40.668981,-73.950865
1518,40.672084,-73.973936
1553,40.672084,-73.973936
2071,40.660241,-73.94858
1404,40.666981,-73.98
1419,40.666981,-73.98
1558,40.666981,-73.98
992,40.701363,-73.918612
993,40.701363,-73.918612
877,40.691078,-73.915821
20,40.709903,-73.959868
46,40.709903,-73.959868
238,40.709903,-73.959868
1800,40.667765,-73.945004
2202,40.657686,-73.912536
2102,40.659103,-73.9129
2103,40.659103,-73.9129
2105,40.659103,-73.9129
1966,40.656498,-73.959895
1003,40.701911,-73.91807
1841,40.676087,-73.921085
2006,40.661291,-73.955177
2022,40.656498,-73.959895
153,40.713205,-73.950433
148,40.709988,-73.938291
647,40.685046,-73.92819
789,40.693039,-73.964512
2440,40.641338,-73.965399
1264,40.666739,-73.863197
1042,40.666739,-73.863197
1867,40.672427,-73.961911
2641,40.619268,-73.91314
2940,40.619268,-73.91314
2645,40.619268,-73.91314
2702,40.619268,-73.91314
2698,40.619268,-73.91314
2931,40.619268,-73.91314
1633,40.649689,-74.00932
740,40.680443,-73.950546
1983,40.662126,-73.954479
1828,40.668149,-73.943405
979,40.701243,-73.942767
932,40.686913,-73.908201
931,40.686913,-73.908201
2044,40.662357,-73.947897
1913,40.662357,-73.947897
2359,40.657467,-73.920163
442,40.696826,-73.986745
475,40.696826,-73.986745
477,40.696826,-73.986745
461,40.696826,-73.986745
1140,40.670485,-73.875122
1337,40.670485,-73.875122
1080,40.670485,-73.875122
1359,40.662228,-73.865237
1101,40.662228,-73.865237
1161,40.662228,-73.865237
2855,40.605706,-73.903774
730,40.682635,-73.916539
1836,40.676087,-73.921085
2857,40.605706,-73.903774
2856,40.605706,-73.903774
944,40.688616,-73.918242
917,40.690699,-73.898127
909,40.690699,-73.898127
2862,40.619268,-73.91314
683,40.684438,-73.940009
2509,40.649814,-73.955799
2523,40.649814,-73.955799
2075,40.661827,-73.959264
2324,40.658376,-73.918432
2346,40.658376,-73.918432
2327,40.658376,-73.918432
1625,40.656858,-73.954147
179,40.709979,-73.952194
186,40.709979,-73.952194
1711,40.661921,-73.971177
356,40.699271,-73.980494
343,40.699271,-73.980494
950,40.69131,-73.925813
1010,40.701911,-73.91807
1001,40.701911,-73.91807
1477,40.677365,-74.007471
470,40.681209,-73.985967
57,40.723333,-73.939295
2431,40.652672,-73.926574
973,40.688745,-73.91278
1211,40.658879,-73.880499
1991,40.663785,-73.952921
1793,40.678016,-73.953624
2027,40.661291,-73.955177
1470,40.666981,-73.98
1244,40.660399,-73.875835
396,40.699287,-73.971186
2072,40.654016,-73.952189
737,40.680443,-73.950546
2230,40.663797,-73.915055
2147,40.663797,-73.915055
2122,40.663797,-73.915055
1447,40.692664,-74.000734
989,40.694155,-73.922175
403,40.68757,-73.966718
101,40.703201,-73.934769
98,40.703201,-73.934769
106,40.703201,-73.934769
85,40.703201,-73.934769
72,40.703201,-73.934769
229,40.703201,-73.934769
38,40.703201,-73.934769
12,40.703201,-73.934769
133,40.703201,-73.934769
107,40.703201,-73.934769
1483,40.69665,-73.997123
565,40.67966,-73.90982
591,40.67966,-73.90982
799,40.67966,-73.90982
943,40.688616,-73.918242
958,40.688616,-73.918242
999,40.697474,-73.914767
659,40.681653,-73.918561
800,40.681653,-73.918561
592,40.681653,-73.918561
566,40.681653,-73.918561
649,40.684209,-73.915954
394,40.689146,-73.970059
1884,40.667902,-73.958346
1238,40.662228,-73.865237
2369,40.652626,-73.929464
1162,40.685095,-73.867142
1102,40.685095,-73.867142
1360,40.685095,-73.867142
905,40.70506,-73.920432
910,40.70506,-73.920432
1024,40.690325,-73.90748
962,40.690325,-73.90748
966,40.690325,-73.90748
831,40.690325,-73.90748
843,40.690325,-73.90748
374,40.689146,-73.970059
1892,40.675352,-73.936482
1737,40.675352,-73.936482
1758,40.675352,-73.936482
462,40.69665,-73.997123
152,40.717072,-73.935263
92,40.703086,-73.946012
95,40.703522,-73.942579
75,40.703522,-73.942579
104,40.703522,-73.942579
130,40.703522,-73.942579
469,40.673137,-73.994489
420,40.692217,-73.982516
416,40.692217,-73.982516
636,40.69543,-73.945734
1397,40.666555,-73.982615
671,40.685535,-73.923941
667,40.685535,-73.923941
762,40.68998,-73.950458
2485,40.64713,-73.942963
620,40.69543,-73.945734
1469,40.666555,-73.982615
721,40.682635,-73.916539
719,40.682635,-73.916539
478,40.686988,-73.991092
1791,40.673529,-73.962712
1411,40.668304,-73.982729
1565,40.668304,-73.982729
1426,40.668304,-73.982729
726,40.69071,-73.931081
707,40.69071,-73.931081
1510,40.676905,-74.005462
299,40.684908,-73.970221
553,40.684908,-73.970221
516,40.684908,-73.970221
536,40.684908,-73.970221
557,40.684908,-73.970221
523,40.684908,-73.970221
530,40.684908,-73.970221
521,40.684908,-73.970221
314,40.684908,-73.970221
330,40.684908,-73.970221
527,40.684908,-73.970221
33,40.699503,-73.950034
225,40.699503,-73.950034
84,40.699503,-73.950034
82,40.699503,-73.950034
7,40.699503,-73.950034
62,40.699503,-73.950034
105,40.699503,-73.950034
3,40.699503,-73.950034
8,40.699503,-73.950034
226,40.699503,-73.950034
66,40.699503,-73.950034
14,40.699503,-73.950034
15,40.699503,-73.950034
34,40.699503,-73.950034
79,40.699503,-73.950034
41,40.699503,-73.950034
115,40.699503,-73.950034
40,40.699503,-73.950034
231,40.699503,-73.950034
233,40.699503,-73.950034
138,40.699503,-73.950034
81,40.699503,-73.950034
637,40.668981,-73.950865
612,40.682289,-73.955904
820,40.682289,-73.955904
586,40.682289,-73.955904
1189,40.653316,-73.902054
2845,40.616083,-73.975856
2846,40.616083,-73.975856
2474,40.630487,-73.974514
723,40.69071,-73.931081
2493,40.636387,-73.956411
2490,40.652962,-73.958788
2385,40.654978,-73.916572
764,40.682641,-73.949104
1157,40.653316,-73.902054
1354,40.653316,-73.902054
1097,40.653316,-73.902054
559,40.690059,-73.943255
972,40.688484,-73.912511
1681,40.664305,-73.984954
2498,40.646868,-73.949602
1220,40.664387,-73.871253
1130,40.658879,-73.880499
1070,40.658879,-73.880499
1327,40.658879,-73.880499
2175,40.665974,-73.903032
424,40.685551,-73.996608
1887,40.668149,-73.943405
845,40.697493,-73.93068
1019,40.697493,-73.93068
833,40.697493,-73.93068
1873,40.671144,-73.928115
1041,40.691091,-73.86859
161,40.71141,-73.939219
646,40.685535,-73.923941
656,40.685535,-73.923941
2086,40.674129,-73.961016
1927,40.674129,-73.961016
1943,40.674129,-73.961016
2261,40.640025,-73.963253
2258,40.640025,-73.963253
2331,40.640025,-73.963253
1139,40.677201,-73.887241
1079,40.677201,-73.887241
1336,40.677201,-73.887241
2451,40.646658,-73.945243
1039,40.658879,-73.880499
1047,40.658879,-73.880499
1037,40.658879,-73.880499
970,40.690325,-73.90748
665,40.68599,-73.913791
1535,40.669516,-73.974746
750,40.693557,-73.962823
751,40.693557,-73.962823
749,40.693557,-73.962823
505,40.684509,-73.963019
212,40.709456,-73.969252
193,40.718939,-73.950891
196,40.718939,-73.950891
2483,40.647677,-73.948259
2482,40.647677,-73.948259
1622,40.645959,-74.014759
1621,40.645959,-74.014759
848,40.689208,-73.9118
836,40.689208,-73.9118
1022,40.689208,-73.9118
2389,40.656332,-73.921538
1087,40.659831,-73.871102
1147,40.659831,-73.871102
1344,40.659831,-73.871102
463,40.688464,-73.986712
472,40.688464,-73.986712
202,40.738135,-73.954081
2167,40.659103,-73.9129
1636,40.648123,-74.017948
1635,40.648123,-74.017948
218,40.711869,-73.956119
953,40.690325,-73.90748
952,40.690325,-73.90748
1029,40.690325,-73.90748
1035,40.690325,-73.90748
942,40.690325,-73.90748
925,40.690325,-73.90748
1027,40.690325,-73.90748
2496,40.644018,-73.94884
2362,40.64468,-73.91668
2314,40.633167,-73.960924
2550,40.633167,-73.960924
2283,40.633167,-73.960924
2549,40.633167,-73.960924
2669,40.611976,-73.956962
2725,40.611976,-73.956962
2960,40.611976,-73.956962
1352,40.663563,-73.896642
1095,40.663563,-73.896642
1155,40.663563,-73.896642
822,40.696253,-73.928911
823,40.696253,-73.928911
825,40.696253,-73.928911
492,40.684908,-73.970221
327,40.684908,-73.970221
554,40.684908,-73.970221
311,40.684908,-73.970221
524,40.684908,-73.970221
522,40.684908,-73.970221
289,40.684908,-73.970221
2511,40.650628,-73.953535
2516,40.650628,-73.953535
2522,40.650628,-73.953535
2518,40.650628,-73.953535
2521,40.650628,-73.953535
2510,40.650628,-73.953535
704,40.69071,-73.931081
422,40.684794,-73.976106
426,40.684794,-73.976106
2206,40.680649,-73.914275
2198,40.663797,-73.915055
668,40.68599,-73.913791
2098,40.670195,-73.900249
2084,40.662357,-73.947897
1926,40.662357,-73.947897
1942,40.662357,-73.947897
1924,40.662357,-73.947897
2085,40.662357,-73.947897
1940,40.662357,-73.947897
182,40.724183,-73.952041
1982,40.671421,-73.946314
1972,40.671421,-73.946314
980,40.704293,-73.938674
1443,40.683905,-73.991491
936,40.686202,-73.905364
2826,40.634893,-73.912592
1783,40.673271,-73.971282
1526,40.669516,-73.974746
994,40.694155,-73.922175
1984,40.661245,-73.955906
2560,40.646494,-73.948131
2424,40.630487,-73.974514
2907,40.611976,-73.956962
1532,40.676164,-73.966218
1530,40.668534,-73.988454
1399,40.668534,-73.988454
1536,40.668534,-73.988454
1533,40.668534,-73.988454
1529,40.668534,-73.988454
615,40.698522,-73.93921
507,40.699876,-73.970586
2476,40.633167,-73.960924
660,40.685535,-73.923941
1919,40.661245,-73.955906
2078,40.661245,-73.955906
1935,40.661245,-73.955906
2461,40.647878,-73.918875
2432,40.644443,-73.948427
1626,40.661905,-73.983489
1627,40.661905,-73.983489
518,40.684509,-73.963019
519,40.684509,-73.963019
2009,40.661245,-73.955906
1705,40.650959,-73.973779
2194,40.6737,-73.910326
1009,40.703739,-73.913886
871,40.688616,-73.918242
1790,40.672427,-73.961911
285,40.696591,-73.994328
1188,40.653316,-73.902054
1060,40.653316,-73.902054
1064,40.653316,-73.902054
2317,40.646494,-73.948131
2448,40.646494,-73.948131
2553,40.646494,-73.948131
2286,40.646494,-73.948131
2552,40.646494,-73.948131
2285,40.646494,-73.948131
2316,40.646494,-73.948131
1390,40.666981,-73.98
2507,40.651653,-73.950493
2380,40.645754,-73.924596
2477,40.633167,-73.960924
2439,40.631228,-73.952555
2443,40.631228,-73.952555
2869,40.624088,-73.974695
1864,40.671144,-73.928115
1217,40.66375,-73.878976
624,40.69543,-73.945734
2045,40.652549,-73.95154
1600,40.701885,-73.933604
1587,40.701885,-73.933604
1721,40.701885,-73.933604
1820,40.671144,-73.928115
60,40.711869,-73.956119
59,40.711869,-73.956119
1519,40.673433,-73.984592
1789,40.675765,-73.96431
1299,40.658756,-73.892082
1200,40.66375,-73.878976
1209,40.676124,-73.886543
1036,40.704032,-73.93965
1028,40.704032,-73.93965
1030,40.704032,-73.93965
1734,40.673271,-73.971282
1889,40.673271,-73.971282
1755,40.673271,-73.971282
1503,40.677365,-74.007471
768,40.682289,-73.955904
1222,40.66375,-73.878976
2235,40.668014,-73.904247
2127,40.668014,-73.904247
2152,40.668014,-73.904247
2639,40.624286,-73.956122
2928,40.624286,-73.956122
2696,40.624286,-73.956122
517,40.684509,-73.963019
520,40.684509,-73.963019
1304,40.658756,-73.892082
2184,40.670195,-73.900249
2216,40.670195,-73.900249
2937,40.614273,-73.957397
2936,40.614273,-73.957397
2890,40.611976,-73.956962
760,40.692677,-73.959874
759,40.692677,-73.959874
757,40.692677,-73.959874
454,40.696826,-73.986745
437,40.696826,-73.986745
912,40.70275,-73.925282
657,40.68599,-73.913791
1563,40.680291,-73.986589
1424,40.680291,-73.986589
1481,40.680291,-73.986589
1409,40.680291,-73.986589
286,40.687613,-74.000959
474,40.687613,-74.000959
2246,40.645754,-73.924596
1499,40.672872,-74.001496
1500,40.672872,-74.001496
929,40.686913,-73.908201
2120,40.654978,-73.916572
2227,40.654978,-73.916572
2145,40.654978,-73.916572
116,40.708888,-73.942344
2370,40.645754,-73.924596
755,40.688529,-73.927187
2587,40.611976,-73.956962
2749,40.611976,-73.956962
2608,40.611976,-73.956962
738,40.680443,-73.950546
1498,40.678503,-74.013751
2877,40.624088,-73.974695
2874,40.624088,-73.974695
2876,40.624088,-73.974695
2875,40.624088,-73.974695
1246,40.656384,-73.8908
1241,40.656384,-73.8908
1651,40.640357,-74.015258
1650,40.640357,-74.015258
1348,40.666144,-73.89181
1091,40.666144,-73.89181
1151,40.666144,-73.89181
763,40.682289,-73.955904
807,40.685907,-73.953285
573,40.685907,-73.953285
599,40.685907,-73.953285
1910,40.661291,-73.955177
143,40.703531,-73.95628
198,40.708023,-73.964404
1295,40.666174,-73.894408
674,40.69852,-73.949358
654,40.69852,-73.949358
1457,40.681214,-73.972869
363,40.699271,-73.980494
1176,40.675396,-73.896759
1175,40.675396,-73.896759
1115,40.675396,-73.896759
1116,40.675396,-73.896759
1374,40.675396,-73.896759
1375,40.675396,-73.896759
1275,40.666144,-73.89181
2467,40.644444,-73.937334
2453,40.644444,-73.937334
221,40.698235,-73.962851
2251,40.633167,-73.960924
2333,40.644444,-73.937334
679,40.695087,-73.945139
794,40.695087,-73.945139
678,40.695087,-73.945139
2116,40.655397,-73.915106
2221,40.655397,-73.915106
2141,40.655397,-73.915106
1696,40.665736,-73.995934
601,40.69852,-73.949358
809,40.69852,-73.949358
575,40.69852,-73.949358
694,40.69852,-73.949358
685,40.69852,-73.949358
687,40.69852,-73.949358
792,40.69852,-73.949358
701,40.69852,-73.949358
2852,40.611976,-73.956962
564,40.685535,-73.923941
798,40.685535,-73.923941
590,40.685535,-73.923941
1819,40.665327,-73.949673
703,40.686058,-73.919383
2197,40.654204,-73.905512
23,40.70524,-73.966608
241,40.70524,-73.966608
49,40.70524,-73.966608
125,40.708888,-73.942344
94,40.708888,-73.942344
124,40.708888,-73.942344
97,40.708888,-73.942344
2849,40.611976,-73.956962
856,40.703926,-73.909576
2332,40.644444,-73.937334
144,40.703531,-73.95628
2397,40.658376,-73.918432
2200,40.668828,-73.903746
145,40.703531,-73.95628
1089,40.674394,-73.900367
1346,40.674394,-73.900367
1149,40.674394,-73.900367
1236,40.666144,-73.89181
1492,40.686291,-74.004543
1479,40.691463,-73.988579
1723,40.654465,-73.973741
1581,40.654465,-73.973741
1582,40.654465,-73.973741
1609,40.654465,-73.973741
1589,40.654465,-73.973741
1602,40.654465,-73.973741
302,40.683556,-73.98029
318,40.683556,-73.98029
542,40.683556,-73.98029
941,40.688745,-73.91278
232,40.699903,-73.937091
9,40.699903,-73.937091
35,40.699903,-73.937091
37,40.699903,-73.937091
11,40.699903,-73.937091
228,40.699903,-73.937091
1462,40.674916,-73.971263
501,40.695395,-73.970287
489,40.695395,-73.970287
1537,40.674683,-73.988333
1527,40.675395,-73.973732
2933,40.611976,-73.956962
2642,40.611976,-73.956962
2699,40.611976,-73.956962
2697,40.611976,-73.956962
2930,40.611976,-73.956962
2640,40.611976,-73.956962
1643,40.653068,-74.005617
2664,40.620862,-73.958642
2957,40.620862,-73.958642
2955,40.620862,-73.958642
2666,40.620862,-73.958642
2722,40.620862,-73.958642
2720,40.620862,-73.958642
2896,40.606703,-73.976525
2897,40.606703,-73.976525
2155,40.676754,-73.917177
2130,40.676754,-73.917177
2238,40.676754,-73.917177
1333,40.681306,-73.896569
1136,40.681306,-73.896569
1076,40.681306,-73.896569
1662,40.653707,-74.013956
1191,40.666144,-73.89181
497,40.693557,-73.962823
340,40.693557,-73.962823
2384,40.652635,-73.917233
194,40.705847,-73.948485
187,40.705847,-73.948485
239,40.705847,-73.948485
47,40.705847,-73.948485
21,40.705847,-73.948485
183,40.705847,-73.948485
195,40.705847,-73.948485
621,40.694697,-73.943262
1551,40.680505,-73.993384
1516,40.680505,-73.993384
2341,40.657843,-73.92559
2406,40.656332,-73.921538
2126,40.657305,-73.909505
2119,40.657305,-73.909505
2224,40.657305,-73.909505
2144,40.657305,-73.909505
2151,40.657305,-73.909505
2234,40.657305,-73.909505
2036,40.674129,-73.961016
2035,40.674129,-73.961016
1071,40.681306,-73.896569
1131,40.681306,-73.896569
1328,40.681306,-73.896569
2565,40.610402,-73.930794
2576,40.610402,-73.930794
2563,40.610402,-73.930794
968,40.698997,-73.912728
967,40.698997,-73.912728
1002,40.703852,-73.916433
1296,40.666174,-73.894408
1135,40.681306,-73.896569
1075,40.681306,-73.896569
1332,40.681306,-73.896569
1439,40.692664,-74.000734
964,40.698997,-73.912728
2299,40.652635,-73.917233
2268,40.652635,-73.917233
2533,40.652635,-73.917233
1331,40.681306,-73.896569
1074,40.681306,-73.896569
1134,40.681306,-73.896569
1008,40.694155,-73.922175
1004,40.694155,-73.922175
2013,40.661245,-73.955906
2462,40.65098,-73.94093
2456,40.65098,-73.94093
1455,40.684807,-73.985562
1433,40.684807,-73.985562
1401,40.684807,-73.985562
1402,40.684807,-73.985562
43,40.703195,-73.94929
17,40.703195,-73.94929
235,40.703195,-73.94929
429,40.687613,-74.000959
907,40.690325,-73.90748
886,40.690325,-73.90748
1629,40.652558,-74.013596
1630,40.652558,-74.013596
981,40.701363,-73.918612
1988,40.662357,-73.947897
2871,40.620862,-73.958642
1539,40.666559,-73.994492
1540,40.666559,-73.994492
2180,40.663797,-73.915055
1192,40.677409,-73.902351
1460,40.684807,-73.985562
1914,40.653106,-73.952731
921,40.705048,-73.924368
1378,40.653691,-73.869878
1180,40.653691,-73.869878
1120,40.653691,-73.869878
407,40.68039,-73.974643
1137,40.66375,-73.878976
1334,40.66375,-73.878976
1077,40.66375,-73.878976
1461,40.684807,-73.985562
1459,40.684807,-73.985562
1468,40.684807,-73.985562
1212,40.658879,-73.880499
2402,40.658376,-73.918432
2403,40.658376,-73.918432
1733,40.673529,-73.962712
1888,40.673529,-73.962712
1754,40.673529,-73.962712
1445,40.692664,-74.000734
2311,40.647966,-73.936112
2280,40.647966,-73.936112
2546,40.647966,-73.936112
1243,40.661743,-73.890839
1407,40.681179,-73.978292
1422,40.681179,-73.978292
1561,40.681179,-73.978292
1216,40.682258,-73.886219
2433,40.647878,-73.918875
1247,40.676835,-73.897128
2115,40.669644,-73.903948
2220,40.669644,-73.903948
2140,40.669644,-73.903948
2470,40.646494,-73.948131
2447,40.646494,-73.948131
1671,40.632809,-74.008175
781,40.684908,-73.970221
544,40.685561,-73.977092
1676,40.650855,-73.9987
785,40.688103,-73.940714
1208,40.679557,-73.899072
1575,40.669827,-73.991138
345,40.701817,-73.97359
526,40.701817,-73.97359
868,40.693747,-73.922576
147,40.709988,-73.938291
1595,40.661905,-73.983489
1729,40.661905,-73.983489
1608,40.661905,-73.983489
1410,40.674683,-73.988333
1425,40.674683,-73.988333
1564,40.674683,-73.988333
2039,40.653106,-73.952731
2040,40.653106,-73.952731
2038,40.653106,-73.952731
2457,40.642485,-73.943856
1861,40.672959,-73.92525499999999
1885,40.678016,-73.953624
537,40.693557,-73.962823
1665,40.62752,-73.993281
1664,40.62752,-73.993281
283,40.684509,-73.963019
281,40.684509,-73.963019
291,40.684509,-73.963019
2434,40.662486,-73.931173
2435,40.662486,-73.931173
2500,40.634154,-73.945495
1441,40.692664,-74.000734
2437,40.638715,-73.938679
2436,40.638715,-73.938679
1254,40.677409,-73.902351
1693,40.661905,-73.983489
1522,40.661905,-73.983489
1234,40.664387,-73.871253
2615,40.611976,-73.956962
2594,40.611976,-73.956962
2756,40.611976,-73.956962
2037,40.674129,-73.961016
1672,40.657528,-74.014238
2393,40.656332,-73.921538
971,40.690699,-73.898127
385,40.691327,-73.977689
388,40.691327,-73.977689
2468,40.638715,-73.938679
2276,40.646658,-73.945243
2541,40.646658,-73.945243
2307,40.646658,-73.945243
1458,40.681209,-73.985967
780,40.688103,-73.940714
779,40.688103,-73.940714
778,40.688103,-73.940714
634,40.703531,-73.95628
614,40.703531,-73.95628
1230,40.659831,-73.871102
2019,40.662357,-73.947897
2020,40.662357,-73.947897
1031,40.690699,-73.898127
1652,40.642003,-74.018766
2187,40.6737,-73.910326
1964,40.662357,-73.947897
767,40.668981,-73.950865
2390,40.653241,-73.912721
2499,40.65098,-73.94093
697,40.691332,-73.9256
1085,40.664674,-73.869259
1342,40.664674,-73.869259
1145,40.664674,-73.869259
1675,40.730144,-73.954917
1440,40.692664,-74.000734
736,40.691488,-73.943854
1993,40.664292,-73.957482
2000,40.664292,-73.957482
1999,40.664292,-73.957482
2003,40.664292,-73.957482
1961,40.664292,-73.957482
2893,40.633167,-73.960924
959,40.697493,-73.93068
2355,40.654978,-73.916572
543,40.680704,-73.966471
408,40.680704,-73.966471
409,40.680704,-73.966471
404,40.680704,-73.966471
2345,40.652635,-73.917233
1962,40.663287,-73.948318
312,40.690712,-73.971374
328,40.690712,-73.971374
555,40.690712,-73.971374
2193,40.659353,-73.91491
384,40.694923,-73.980176
1704,40.661194,-73.972873
2033,40.663785,-73.952921
1006,40.697474,-73.914767
670,40.685046,-73.92819
804,40.704522,-73.942225
570,40.704522,-73.942225
596,40.704522,-73.942225
483,40.680704,-73.966471
405,40.680704,-73.966471
484,40.680704,-73.966471
1400,40.676905,-74.005462
1395,40.676905,-74.005462
1396,40.676905,-74.005462
1202,40.660399,-73.875835
1936,40.662357,-73.947897
1920,40.662357,-73.947897
2079,40.662357,-73.947897
1969,40.662357,-73.947897
1937,40.662357,-73.947897
2080,40.662357,-73.947897
1921,40.662357,-73.947897
2082,40.662357,-73.947897
1941,40.662357,-73.947897
1989,40.662357,-73.947897
1925,40.662357,-73.947897
1971,40.662357,-73.947897
2837,40.622903,-73.932155
1698,40.661194,-73.972873
1697,40.661194,-73.972873
1324,40.66375,-73.878976
1067,40.66375,-73.878976
1127,40.66375,-73.878976
1901,40.67038,-73.962335
1767,40.67038,-73.962335
1746,40.67038,-73.962335
1065,40.663563,-73.896642
1061,40.663563,-73.896642
1193,40.663563,-73.896642
582,40.690577,-73.932238
816,40.690577,-73.932238
608,40.690577,-73.932238
706,40.682635,-73.916539
1227,40.664674,-73.869259
206,40.710038,-73.95324
215,40.710038,-73.95324
56,40.703086,-73.946012
88,40.703086,-73.946012
89,40.703086,-73.946012
467,40.689683,-73.978588
468,40.689683,-73.978588
1285,40.652696,-73.876514
2487,40.645164,-73.954019
769,40.688529,-73.927187
766,40.688529,-73.927187
1655,40.639078,-74.027339
2561,40.655677,-73.945871
1638,40.653068,-74.005617
2034,40.674129,-73.961016
1574,40.692664,-74.000734
1573,40.692664,-74.000734
1572,40.692664,-74.000734
1653,40.643958,-74.028212
1259,40.676835,-73.897128
445,40.683686,-73.976377
446,40.683686,-73.976377
473,40.683686,-73.976377
2310,40.655677,-73.945871
2279,40.655677,-73.945871
2544,40.655677,-73.945871
2502,40.642485,-73.943856
18,40.704432,-73.934955
236,40.704432,-73.934955
44,40.704432,-73.934955
1251,40.658898,-73.915787
1353,40.677409,-73.902351
1156,40.677409,-73.902351
1096,40.677409,-73.902351
2163,40.668014,-73.904247
1421,40.658254,-73.987345
1560,40.658254,-73.987345
1406,40.658254,-73.987345
742,40.688636,-73.913532
864,40.690325,-73.90748
1252,40.663815,-73.883758
1181,40.653691,-73.869878
1121,40.653691,-73.869878
1379,40.653691,-73.869878
1976,40.671077,-73.95991
1634,40.652558,-74.013596
675,40.688636,-73.913532
1466,40.667338,-73.982511
1471,40.667338,-73.982511
1644,40.642257,-74.02233
717,40.682635,-73.916539
1326,40.684525,-73.873491
1129,40.684525,-73.873491
1069,40.684525,-73.873491
2342,40.658314,-73.931082
729,40.682635,-73.916539
1215,40.683552,-73.892673
1951,40.656498,-73.959895
1915,40.656498,-73.959895
1917,40.656498,-73.959895
2449,40.646494,-73.948131
640,40.699524,-73.938431
862,40.701516,-73.919634
881,40.708888,-73.942344
1034,40.708888,-73.942344
635,40.699524,-73.938431
669,40.685046,-73.92819
2741,40.653756,-73.891368
645,40.703531,-73.95628
2923,40.632391,-73.905039
2691,40.632391,-73.905039
2634,40.632391,-73.905039
1784,40.681179,-73.978292
672,40.689894,-73.918156
123,40.703673,-73.938035
111,40.703673,-73.938035
2284,40.648333,-73.955753
2315,40.648333,-73.955753
2551,40.648333,-73.955753
872,40.701516,-73.919634
873,40.701516,-73.919634
205,40.714813,-73.96416
2378,40.647878,-73.918875
1088,40.659996,-73.868006
1148,40.659996,-73.868006
1345,40.659996,-73.868006
627,40.703531,-73.95628
1778,40.681209,-73.985967
1556,40.673433,-73.984592
1255,40.679557,-73.899072
985,40.692421,-73.919191
984,40.692421,-73.919191
381,40.698331,-73.982127
296,40.692117,-73.998448
298,40.692117,-73.998448
456,40.692117,-73.998448
295,40.692117,-73.998448
443,40.692117,-73.998448
2154,40.659103,-73.9129
2129,40.659103,-73.9129
2237,40.659103,-73.9129
906,40.701363,-73.918612
427,40.688348,-73.990522
783,40.684703999999996,-73.957249
770,40.684703999999996,-73.957249
619,40.684703999999996,-73.957249
865,40.701516,-73.919634
1341,40.681956,-73.88423
1084,40.681956,-73.88423
1144,40.681956,-73.88423
1620,40.666598,-73.991751
2566,40.612066,-73.931424
1523,40.676366,-73.982403
498,40.677401,-73.963099
1695,40.666598,-73.991751
1694,40.666598,-73.991751
644,40.694697,-73.943262
852,40.701516,-73.919634
348,40.688752,-73.979355
339,40.688752,-73.979355
335,40.694423,-73.979993
2248,40.658376,-73.918432
1642,40.666598,-73.991751
2679,40.616083,-73.975856
2622,40.616083,-73.975856
2909,40.616083,-73.975856
1614,40.645681,-74.018809
1195,40.674013,-73.89044
1092,40.656805,-73.895867
1349,40.656805,-73.895867
1152,40.656805,-73.895867
1552,40.674443,-73.957997
1548,40.674443,-73.957997
1691,40.656065,-73.973675
222,40.705602,-73.937622
1256,40.666353,-73.889609
1235,40.666353,-73.889609
1524,40.668534,-73.988454
1389,40.674683,-73.988333
2798,40.633167,-73.960924
2757,40.624286,-73.956122
2595,40.624286,-73.956122
2616,40.624286,-73.956122
758,40.684703999999996,-73.957249
772,40.684703999999996,-73.957249
1412,40.685561,-73.977092
1566,40.685561,-73.977092
1427,40.685561,-73.977092
1414,40.685561,-73.977092
1568,40.685561,-73.977092
1429,40.685561,-73.977092
1545,40.685561,-73.977092
1544,40.685561,-73.977092
832,40.699839,-73.929476
844,40.699839,-73.929476
1018,40.699839,-73.929476
933,40.699839,-73.929476
1590,40.649508,-73.985012
1724,40.649508,-73.985012
1603,40.649508,-73.985012
2052,40.674129,-73.961016
698,40.691332,-73.9256
1570,40.676164,-73.966218
1431,40.676164,-73.966218
1416,40.676164,-73.966218
1862,40.681653,-73.918561
1391,40.67578,-73.992987
1393,40.67578,-73.992987
1141,40.657167,-73.871018
1081,40.657167,-73.871018
1338,40.657167,-73.871018
2543,40.649209,-73.935932
2273,40.649209,-73.935932
2309,40.649209,-73.935932
2278,40.649209,-73.935932
2538,40.649209,-73.935932
2304,40.649209,-73.935932
2067,40.663785,-73.950962
1997,40.677351,-73.967362
2025,40.677351,-73.967362
2002,40.677351,-73.967362
2364,40.644443,-73.948427
2799,40.635834,-73.919762
632,40.69898,-73.966015
641,40.69898,-73.966015
633,40.69898,-73.966015
622,40.69898,-73.966015
1194,40.676124,-73.886543
777,40.687517,-73.97917699999999
746,40.687517,-73.97917699999999
748,40.687517,-73.97917699999999
1960,40.677351,-73.967362
643,40.696253,-73.928911
1615,40.637857,-74.01427
1033,40.708888,-73.942344
391,40.699287,-73.971186
2,40.710038,-73.95324
4,40.710038,-73.95324
58,40.710038,-73.95324
32,40.703201,-73.934769
5,40.703201,-73.934769
224,40.703201,-73.934769
223,40.703201,-73.934769
6,40.703201,-73.934769
31,40.703201,-73.934769
137,40.703201,-73.934769
118,40.703201,-73.934769
287,40.693009,-73.995145
482,40.693009,-73.995145
438,40.698445,-73.995313
1719,40.667876,-73.977458
1585,40.667876,-73.977458
1598,40.667876,-73.977458
2048,40.65814,-73.941325
2089,40.65814,-73.941325
1929,40.65814,-73.941325
1945,40.65814,-73.941325
1618,40.666598,-73.991751
1659,40.68987,-73.994535
1646,40.653707,-74.013956
2792,40.640573,-73.912632
2791,40.640573,-73.912632
1525,40.6801,-73.992388
1224,40.66063,-73.872775
1645,40.656858,-73.954147
1649,40.656858,-73.954147
1656,40.645841,-74.01456
1277,40.653756,-73.891368
1512,40.676905,-74.005462
1496,40.676905,-74.005462
1229,40.667038,-73.881707
676,40.688089,-73.9129
2249,40.649228,-73.914661
1866,40.667902,-73.958346
1666,40.653068,-74.005617
982,40.687775,-73.924006
2168,40.665836,-73.908324
2271,40.662163,-73.922834
2302,40.662163,-73.922834
2536,40.662163,-73.922834
2414,40.649228,-73.914661
732,40.703531,-73.95628
2886,40.620425,-73.910576
1507,40.676905,-74.005462
2365,40.652626,-73.929464
1706,40.646909,-73.981276
1692,40.646909,-73.981276
616,40.690577,-73.932238
806,40.690577,-73.932238
572,40.690577,-73.932238
598,40.690577,-73.932238
805,40.690577,-73.932238
571,40.690577,-73.932238
597,40.690577,-73.932238
629,40.69898,-73.966015
1297,40.670195,-73.900249
210,40.706779,-73.960296
2601,40.653756,-73.891368
2740,40.653756,-73.891368
2581,40.653756,-73.891368
1842,40.673364,-73.932659
2789,40.632391,-73.905039
1456,40.684807,-73.985562
2087,40.660936,-73.948906
1931,40.660936,-73.948906
1947,40.660936,-73.948906
1792,40.680704,-73.966471
1796,40.680704,-73.966471
2350,40.649228,-73.914661
1713,40.666598,-73.991751
1959,40.662126,-73.954479
219,40.71141,-73.939219
173,40.71141,-73.939219
174,40.71141,-73.939219
175,40.71141,-73.939219
176,40.71141,-73.939219
1253,40.676835,-73.897128
2171,40.668324,-73.91526
2863,40.615217,-73.908573
1613,40.648123,-74.017948
1262,40.664953,-73.859897
1214,40.674357,-73.896785
2408,40.662163,-73.922834
2049,40.65814,-73.941325
2335,40.656905,-73.92643
149,40.7088,-73.943253
2764,40.613501,-73.925286
561,40.684128,-73.926311
560,40.684128,-73.926311
618,40.684128,-73.926311
1250,40.676835,-73.897128
1683,40.652707,-73.983205
1688,40.652707,-73.983205
2190,40.668731,-73.917148
1198,40.662228,-73.865237
1199,40.662228,-73.865237
1059,40.681306,-73.896569
1063,40.681306,-73.896569
1187,40.681306,-73.896569
682,40.680443,-73.950546
2412,40.641824,-73.889605
2361,40.641824,-73.889605
2360,40.641824,-73.889605
1132,40.658879,-73.880499
1329,40.658879,-73.880499
1072,40.658879,-73.880499
1323,40.658879,-73.880499
1204,40.658879,-73.880499
1213,40.658879,-73.880499
1126,40.658879,-73.880499
1066,40.658879,-73.880499
2861,40.614273,-73.957397
2693,40.620425,-73.910576
2925,40.620425,-73.910576
2636,40.620425,-73.910576
1679,40.649689,-74.00932
2827,40.632391,-73.905039
1852,40.678698,-73.956894
1851,40.678698,-73.956894
2411,40.650479,-73.909631
2463,40.636619,-73.933611
63,40.703086,-73.946012
96,40.703086,-73.946012
135,40.703086,-73.946012
117,40.703086,-73.946012
109,40.703086,-73.946012
74,40.703086,-73.946012
625,40.695267,-73.93706
563,40.695267,-73.93706
797,40.695267,-73.93706
589,40.695267,-73.93706
700,40.689894,-73.918156
1593,40.673338,-73.974616
1727,40.673338,-73.974616
1606,40.673338,-73.974616
677,40.684209,-73.915954
2179,40.668828,-73.903746
1744,40.678715,-73.968487
1899,40.678715,-73.968487
1770,40.678715,-73.968487
1765,40.678715,-73.968487
1749,40.678715,-73.968487
1904,40.678715,-73.968487
1237,40.670838,-73.870308
1146,40.670838,-73.870308
1266,40.670838,-73.870308
1343,40.670838,-73.870308
1086,40.670838,-73.870308
658,40.686058,-73.919383
2480,40.624052,-73.933246
1231,40.662228,-73.865237
192,40.713918,-73.951585
1094,40.672184,-73.904581
1351,40.672184,-73.904581
1154,40.672184,-73.904581
1049,40.672184,-73.904581
1051,40.672184,-73.904581
1056,40.672184,-73.904581
376,40.692883,-73.97772
924,40.690108,-73.909746
170,40.710648,-73.950141
2778,40.613501,-73.925286
1453,40.680291,-73.986589
1219,40.657167,-73.871018
1521,40.676062,-73.987183
1780,40.680537,-73.957138
1782,40.680537,-73.957138
1779,40.680537,-73.957138
2506,40.636619,-73.933611
715,40.684128,-73.926311
776,40.684908,-73.970221
1517,40.676062,-73.987183
889,40.699152,-73.932063
716,40.684128,-73.926311
1258,40.679557,-73.899072
888,40.699152,-73.932063
1128,40.682382,-73.873914
1325,40.682382,-73.873914
1068,40.682382,-73.873914
673,40.690577,-73.932238
638,40.691488,-73.943854
642,40.691488,-73.943854
539,40.687517,-73.97917699999999
464,40.687517,-73.97917699999999
2201,40.654204,-73.905512
2181,40.665974,-73.903032
1700,40.660371,-73.990851
1701,40.660371,-73.990851
1686,40.645281,-73.978322
2347,40.658376,-73.918432
122,40.703998,-73.940002
121,40.703998,-73.940002
93,40.703998,-73.940002
78,40.703998,-73.940002
689,40.688529,-73.927187
1678,40.657731,-74.013812
1201,40.681956,-73.88423
977,40.68599,-73.913791
2892,40.605331,-73.905292
1632,40.633707,-74.008165
2423,40.636059,-73.898587
2357,40.636059,-73.898587
1206,40.673698,-73.868625
1223,40.673698,-73.868625
1974,40.671077,-73.95991
2681,40.639624,-73.914077
2624,40.639624,-73.914077
2912,40.639624,-73.914077
2469,40.655398,-73.929886
2808,40.651736,-73.900471
1813,40.673364,-73.932659
2204,40.659103,-73.9129
753,40.69759,-73.936706
305,40.696591,-73.994328
321,40.696591,-73.994328
547,40.696591,-73.994328
1014,40.701911,-73.91807
617,40.688529,-73.927187
2160,40.668014,-73.904247
2162,40.668014,-73.904247
2212,40.668014,-73.904247
2133,40.668014,-73.904247
2108,40.668014,-73.904247
2139,40.67089,-73.902603
2219,40.67089,-73.902603
2114,40.67089,-73.902603
1965,40.647383,-73.954911
714,40.684128,-73.926311
2573,40.625102,-73.907949
2572,40.625102,-73.907949
1640,40.649689,-74.00932
1641,40.649689,-74.00932
1267,40.676302,-73.899879
1912,40.674082,-73.912798
1911,40.674082,-73.912798
1868,40.671904,-73.959417
154,40.721775,-73.947094
1604,40.649528,-73.977621
1591,40.649528,-73.977621
1725,40.649528,-73.977621
1586,40.628596,-73.971588
1720,40.628596,-73.971588
1599,40.628596,-73.971588
1203,40.66063,-73.872775
1970,40.671077,-73.95991
1619,40.653546,-74.008769
691,40.688529,-73.927187
1269,40.670838,-73.870308
1810,40.677401,-73.963099
211,40.708599,-73.963129
1465,40.678281,-74.000112
975,40.688745,-73.91278
389,40.692883,-73.97772
2026,40.661291,-73.955177
432,40.694069,-73.990448
434,40.694069,-73.990448
284,40.694069,-73.990448
440,40.694069,-73.990448
431,40.694069,-73.990448
460,40.694069,-73.990448
435,40.694069,-73.990448
1272,40.684479,-73.878479
605,40.679167,-73.914109
813,40.679167,-73.914109
579,40.679167,-73.914109
1857,40.678698,-73.956894
2136,40.685046,-73.92819
2111,40.685046,-73.92819
2215,40.685046,-73.92819
1464,40.678281,-74.000112
2407,40.652947,-73.921834
2050,40.659667,-73.957803
923,40.699152,-73.932063
655,40.690577,-73.932238
1661,40.653546,-74.008769
1660,40.653546,-74.008769
558,40.684509,-73.963019
315,40.684509,-73.963019
331,40.684509,-73.963019
199,40.732643,-73.958906
1265,40.664953,-73.859897
1190,40.664953,-73.859897
630,40.69898,-73.966015
628,40.69898,-73.966015
1249,40.653316,-73.902054
1814,40.678698,-73.956894
2728,40.624759,-73.907181
2672,40.624759,-73.907181
2963,40.624759,-73.907181
2466,40.64808,-73.931763
1571,40.683905,-73.991491
1417,40.683905,-73.991491
1432,40.683905,-73.991491
1850,40.670767,-73.950772
213,40.710038,-73.95324
2338,40.657843,-73.92559
1815,40.675723,-73.943131
1853,40.675723,-73.943131
2094,40.65986,-73.954698
2008,40.65986,-73.954698
1308,40.652696,-73.876514
1381,40.652696,-73.876514
1183,40.652696,-73.876514
1123,40.652696,-73.876514
1044,40.652696,-73.876514
406,40.684511,-73.958928
1559,40.680291,-73.986589
1405,40.680291,-73.986589
1420,40.680291,-73.986589
884,40.700385,-73.937964
1032,40.700385,-73.937964
880,40.700385,-73.937964
827,40.700385,-73.937964
885,40.700385,-73.937964
2479,40.622196,-73.933881
1142,40.656539,-73.871893
1339,40.656539,-73.871893
1082,40.656539,-73.871893
2166,40.685046,-73.92819
48,40.720856,-73.94655
240,40.720856,-73.94655
22,40.720856,-73.94655
1434,40.669692,-74.004267
1435,40.669692,-74.004267
386,40.690031,-73.977304
569,40.689894,-73.918156
803,40.689894,-73.918156
595,40.689894,-73.918156
1239,40.670838,-73.870308
1463,40.675842,-74.004259
320,40.692392,-73.989924
304,40.692392,-73.989924
546,40.692392,-73.989924
387,40.694923,-73.980176
1467,40.674299,-73.972978
487,40.692677,-73.959874
201,40.732521,-73.958471
200,40.732521,-73.958471
203,40.732521,-73.958471
1494,40.679114,-74.002942
2266,40.658469,-73.914962
2297,40.658469,-73.914962
2531,40.658469,-73.914962
417,40.68757,-73.966718
412,40.68757,-73.966718
413,40.68757,-73.966718
378,40.694923,-73.980176
2010,40.652549,-73.95154
1715,40.653789,-73.971928
1716,40.653789,-73.971928
651,40.689894,-73.918156
652,40.689894,-73.918156
686,40.689894,-73.918156
1980,40.671077,-73.95991
1302,40.660399,-73.875835
1781,40.680537,-73.957138
2046,40.674082,-73.912798
2047,40.674082,-73.912798
2322,40.65814,-73.941325
2558,40.65814,-73.941325
2291,40.65814,-73.941325
1550,40.67578,-73.992987
1415,40.67578,-73.992987
1569,40.67578,-73.992987
1430,40.67578,-73.992987
380,40.694323,-73.973189
1592,40.574675,-73.96989
1726,40.574675,-73.96989
1605,40.574675,-73.96989
65,40.699524,-73.938431
790,40.69199,-73.939479
858,40.701516,-73.919634
1730,40.681179,-73.978292
1555,40.678921,-73.980733
1509,40.679114,-74.002942
1502,40.679114,-74.002942
1504,40.679114,-74.002942
1495,40.679114,-74.002942
1489,40.679114,-74.002942
1508,40.679114,-74.002942
2557,40.660936,-73.948906
2290,40.660936,-73.948906
2321,40.660936,-73.948906
2189,40.659103,-73.9129
2473,40.634458,-73.939164
1710,40.653789,-73.971928
1707,40.653789,-73.971928
1444,40.675842,-74.004259
2051,40.65834,-73.956095
787,40.682641,-73.949104
1369,40.660399,-73.875835
1171,40.660399,-73.875835
1150,40.660399,-73.875835
1090,40.660399,-73.875835
1347,40.660399,-73.875835
1111,40.660399,-73.875835
859,40.701516,-73.919634
857,40.701516,-73.919634
901,40.699152,-73.932063
1979,40.671077,-73.95991
2425,40.682086,-73.927872
2066,40.671904,-73.959417
1854,40.674443,-73.957997
77,40.699524,-73.938431
70,40.699524,-73.938431
71,40.699524,-73.938431
76,40.699524,-73.938431
73,40.699524,-73.938431
67,40.699524,-73.938431
68,40.699524,-73.938431
102,40.699524,-73.938431
2358,40.656905,-73.92643
890,40.693747,-73.922576
911,40.712192,-73.925503
207,40.702842,-73.966621
2817,40.616083,-73.975856
185,40.712055,-73.963354
1318,40.653756,-73.891368
2371,40.659373,-73.924739
2337,40.64468,-73.91668
499,40.694067,-73.979567
214,40.712462,-73.950692
2653,40.617062,-73.919393
2944,40.617062,-73.919393
2710,40.617062,-73.919393
2255,40.655398,-73.929886
562,40.69898,-73.966015
796,40.69898,-73.966015
588,40.69898,-73.966015
132,40.699524,-73.938431
64,40.699524,-73.938431
940,40.686913,-73.908201
1501,40.669692,-74.004267
904,40.699152,-73.932063
902,40.699152,-73.932063
903,40.699152,-73.932063
2060,40.662621,-73.933645
1858,40.670767,-73.950772
2409,40.649503,-73.905843
1311,40.650722,-73.867004
574,40.688529,-73.927187
808,40.688529,-73.927187
600,40.688529,-73.927187
791,40.69199,-73.939479
1372,40.660399,-73.875835
1173,40.660399,-73.875835
1113,40.660399,-73.875835
2367,40.651819,-73.929379
393,40.699287,-73.971186
337,40.699287,-73.971186
528,40.684199,-73.955098
329,40.684199,-73.955098
313,40.684199,-73.955098
556,40.684199,-73.955098
165,40.710648,-73.950141
978,40.699524,-73.938431
2814,40.633289,-73.904523
1305,40.660399,-73.875835
2226,40.663746,-73.911625
2225,40.663746,-73.911625
2446,40.660936,-73.948906
1452,40.680291,-73.986589
2176,40.680848,-73.914063
2137,40.655397,-73.915106
2112,40.655397,-73.915106
2217,40.655397,-73.915106
450,40.701279,-73.987703
162,40.713116,-73.941269
163,40.713116,-73.941269
1847,40.670767,-73.950772
2729,40.633289,-73.904523
2673,40.633289,-73.904523
2964,40.633289,-73.904523
2405,40.611976,-73.956962
1040,40.683354,-73.861958
1048,40.683354,-73.861958
1038,40.683354,-73.861958
1260,40.683354,-73.861958
1158,40.683354,-73.861958
1356,40.683354,-73.861958
1098,40.683354,-73.861958
2247,40.659373,-73.924739
1751,40.666018,-73.939729
1772,40.666018,-73.939729
1906,40.666018,-73.939729
1848,40.670767,-73.950772
1849,40.670767,-73.950772
80,40.703673,-73.938035
128,40.703673,-73.938035
134,40.703673,-73.938035
1482,40.680481,-74.017309
1879,40.682086,-73.927872
2295,40.665194,-73.923132
2529,40.665194,-73.923132
2264,40.665194,-73.923132
2352,40.665194,-73.923132
2106,40.659103,-73.9129
2107,40.659103,-73.9129
2158,40.659103,-73.9129
1062,40.664675,-73.882245
1058,40.664675,-73.882245
1186,40.664675,-73.882245
2526,40.660936,-73.948906
1930,40.674082,-73.912798
2090,40.674082,-73.912798
1946,40.674082,-73.912798
626,40.696861,-73.936361
2325,40.656905,-73.92643
1534,40.660351,-73.984271
169,40.710648,-73.950141
2343,40.665194,-73.923132
2459,40.662486,-73.931173
2460,40.662486,-73.931173
1978,40.668146,-73.957075
1957,40.668146,-73.957075
1981,40.668146,-73.957075
2772,40.633569,-73.897234
2472,40.634458,-73.939164
1843,40.676122,-73.941562
793,40.69199,-73.939479
754,40.69759,-73.936706
891,40.695026,-73.928102
2348,40.681653,-73.918561
2580,40.653234,-73.899643
2579,40.653234,-73.899643
2766,40.614058,-73.919936
1905,40.67555,-73.967796
1750,40.67555,-73.967796
1771,40.67555,-73.967796
2057,40.673364,-73.932659
1472,40.682652,-73.99678
661,40.68599,-73.913791
1894,40.676122,-73.941562
1739,40.676122,-73.941562
1760,40.676122,-73.941562
2410,40.649503,-73.905843
2813,40.653234,-73.899643
2607,40.619479,-73.923038
2748,40.619479,-73.923038
2586,40.619479,-73.923038
1977,40.668146,-73.957075
2775,40.641629,-73.906109
2805,40.641629,-73.906109
2769,40.641629,-73.906109
1388,40.682072,-73.997456
2429,40.655677,-73.945871
160,40.713116,-73.941269
168,40.713116,-73.941269
690,40.688529,-73.927187
2806,40.639662,-73.906857
696,40.687517,-73.97917699999999
684,40.687517,-73.97917699999999
1248,40.667975,-73.889108
2422,40.660552,-73.919825
2329,40.660936,-73.948906
2256,40.660936,-73.948906
2259,40.660936,-73.948906
1803,40.67555,-73.967796
2392,40.646658,-73.945243
1292,40.658879,-73.880499
1900,40.679212,-73.941825
1745,40.679212,-73.941825
1766,40.679212,-73.941825
2777,40.63705,-73.916319
653,40.691332,-73.9256
2695,40.631663,-73.936946
2927,40.631663,-73.936946
2638,40.631663,-73.936946
2811,40.646868,-73.896502
1876,40.681179,-73.978292
824,40.696861,-73.936361
383,40.694323,-73.973189
2070,40.672253,-73.945152
2073,40.672253,-73.945152
2812,40.626995,-73.891481
2833,40.656805,-73.895867
1881,40.673364,-73.932659
2956,40.622196,-73.933881
2721,40.622196,-73.933881
2665,40.622196,-73.933881
604,40.687517,-73.97917699999999
578,40.687517,-73.97917699999999
812,40.687517,-73.97917699999999
695,40.687517,-73.97917699999999
692,40.687517,-73.97917699999999
810,40.687517,-73.97917699999999
602,40.687517,-73.97917699999999
576,40.687517,-73.97917699999999
514,40.695395,-73.970287
waste_basket,40.67945,-73.968218
East-UNLOAD,40.67945,-73.968218
West-UNLOAD,40.67945,-73.968218
